path_to_image,top,left,bottom,right,class_name
images/CVC-MUSCIMA_W-01_10_D-ideal.png,372,494,392,523,notehead-full
images/CVC-MUSCIMA_W-01_10_D-ideal.png,373,557,391,581,notehead-full
images/CVC-MUSCIMA_W-01_10_D-ideal.png,375,608,393,633,notehead-full
images/CVC-MUSCIMA_W-01_10_D-ideal.png,395,720,424,746,notehead-full
images/CVC-MUSCIMA_W-01_10_D-ideal.png,370,775,392,797,notehead-full
images/CVC-MUSCIMA_W-01_10_D-ideal.png,534,503,556,531,notehead-full
images/CVC-MUSCIMA_W-01_10_D-ideal.png,538,560,556,584,notehead-full
images/CVC-MUSCIMA_W-01_10_D-ideal.png,538,606,558,629,notehead-full
images/CVC-MUSCIMA_W-01_10_D-ideal.png,784,424,808,450,notehead-full
images/CVC-MUSCIMA_W-01_10_D-ideal.png,800,483,822,505,notehead-full
images/CVC-MUSCIMA_W-01_10_D-ideal.png,814,545,835,575,notehead-full
images/CVC-MUSCIMA_W-01_10_D-ideal.png,811,735,835,763,notehead-full
images/CVC-MUSCIMA_W-01_10_D-ideal.png,772,1024,795,1049,notehead-full
images/CVC-MUSCIMA_W-01_10_D-ideal.png,771,1106,793,1128,notehead-full
images/CVC-MUSCIMA_W-01_10_D-ideal.png,766,1180,791,1204,notehead-full
images/CVC-MUSCIMA_W-01_10_D-ideal.png,339,1003,362,1030,notehead-full
images/CVC-MUSCIMA_W-01_10_D-ideal.png,372,1001,394,1022,notehead-full
images/CVC-MUSCIMA_W-01_10_D-ideal.png,393,1003,419,1022,notehead-full
images/CVC-MUSCIMA_W-01_10_D-ideal.png,346,1057,363,1082,notehead-full
images/CVC-MUSCIMA_W-01_10_D-ideal.png,371,1057,393,1080,notehead-full
images/CVC-MUSCIMA_W-01_10_D-ideal.png,398,1057,418,1081,notehead-full
images/CVC-MUSCIMA_W-01_10_D-ideal.png,339,1123,362,1149,notehead-full
images/CVC-MUSCIMA_W-01_10_D-ideal.png,368,1124,391,1145,notehead-full
images/CVC-MUSCIMA_W-01_10_D-ideal.png,394,1117,415,1143,notehead-full
images/CVC-MUSCIMA_W-01_10_D-ideal.png,340,1189,366,1210,notehead-full
images/CVC-MUSCIMA_W-01_10_D-ideal.png,374,1188,394,1207,notehead-full
images/CVC-MUSCIMA_W-01_10_D-ideal.png,396,1183,422,1207,notehead-full
images/CVC-MUSCIMA_W-01_10_D-ideal.png,842,420,866,446,notehead-full
images/CVC-MUSCIMA_W-01_10_D-ideal.png,868,418,891,441,notehead-full
images/CVC-MUSCIMA_W-01_10_D-ideal.png,842,571,864,598,notehead-full
images/CVC-MUSCIMA_W-01_10_D-ideal.png,829,663,852,686,notehead-full
images/CVC-MUSCIMA_W-01_10_D-ideal.png,842,730,861,759,notehead-full
images/CVC-MUSCIMA_W-01_10_D-ideal.png,843,831,863,857,notehead-full
images/CVC-MUSCIMA_W-01_10_D-ideal.png,882,821,899,847,notehead-full
images/CVC-MUSCIMA_W-01_10_D-ideal.png,905,818,923,845,notehead-full
images/CVC-MUSCIMA_W-01_10_D-ideal.png,875,727,895,752,notehead-full
images/CVC-MUSCIMA_W-01_10_D-ideal.png,886,653,910,674,notehead-full
images/CVC-MUSCIMA_W-01_10_D-ideal.png,878,539,901,563,notehead-full
images/CVC-MUSCIMA_W-01_10_D-ideal.png,1008,405,1029,429,notehead-full
images/CVC-MUSCIMA_W-01_10_D-ideal.png,1008,813,1029,842,notehead-full
images/CVC-MUSCIMA_W-01_10_D-ideal.png,1197,808,1217,835,notehead-full
images/CVC-MUSCIMA_W-01_10_D-ideal.png,1197,667,1219,691,notehead-full
images/CVC-MUSCIMA_W-01_10_D-ideal.png,1212,608,1237,632,notehead-full
images/CVC-MUSCIMA_W-01_10_D-ideal.png,1210,492,1232,516,notehead-full
images/CVC-MUSCIMA_W-01_10_D-ideal.png,1062,403,1084,427,notehead-full
images/CVC-MUSCIMA_W-01_10_D-ideal.png,1097,807,1121,834,notehead-full
images/CVC-MUSCIMA_W-01_10_D-ideal.png,1312,484,1332,506,notehead-full
images/CVC-MUSCIMA_W-01_10_D-ideal.png,1323,539,1342,564,notehead-full
images/CVC-MUSCIMA_W-01_10_D-ideal.png,1228,546,1252,572,notehead-full
images/CVC-MUSCIMA_W-01_10_D-ideal.png,1313,593,1336,618,notehead-full
images/CVC-MUSCIMA_W-01_10_D-ideal.png,1297,659,1318,683,notehead-full
images/CVC-MUSCIMA_W-01_10_D-ideal.png,1299,803,1321,824,notehead-full
images/CVC-MUSCIMA_W-01_10_D-ideal.png,1398,743,1415,767,notehead-full
images/CVC-MUSCIMA_W-01_10_D-ideal.png,1427,719,1453,738,notehead-full
images/CVC-MUSCIMA_W-01_10_D-ideal.png,1422,744,1443,761,notehead-full
images/CVC-MUSCIMA_W-01_10_D-ideal.png,843,945,864,966,notehead-full
images/CVC-MUSCIMA_W-01_10_D-ideal.png,868,942,890,965,notehead-full
images/CVC-MUSCIMA_W-01_10_D-ideal.png,843,1027,867,1051,notehead-full
images/CVC-MUSCIMA_W-01_10_D-ideal.png,866,1023,891,1045,notehead-full
images/CVC-MUSCIMA_W-01_10_D-ideal.png,841,1098,865,1124,notehead-full
images/CVC-MUSCIMA_W-01_10_D-ideal.png,868,1099,892,1119,notehead-full
images/CVC-MUSCIMA_W-01_10_D-ideal.png,842,1181,867,1208,notehead-full
images/CVC-MUSCIMA_W-01_10_D-ideal.png,864,1184,887,1202,notehead-full
images/CVC-MUSCIMA_W-01_10_D-ideal.png,755,1394,776,1421,notehead-full
images/CVC-MUSCIMA_W-01_10_D-ideal.png,786,1392,808,1420,notehead-full
images/CVC-MUSCIMA_W-01_10_D-ideal.png,831,1392,852,1414,notehead-full
images/CVC-MUSCIMA_W-01_10_D-ideal.png,964,936,985,963,notehead-full
images/CVC-MUSCIMA_W-01_10_D-ideal.png,1009,1027,1030,1053,notehead-full
images/CVC-MUSCIMA_W-01_10_D-ideal.png,1065,929,1087,952,notehead-full
images/CVC-MUSCIMA_W-01_10_D-ideal.png,1094,1025,1122,1046,notehead-full
images/CVC-MUSCIMA_W-01_10_D-ideal.png,1104,1099,1124,1122,notehead-full
images/CVC-MUSCIMA_W-01_10_D-ideal.png,1017,1100,1041,1126,notehead-full
images/CVC-MUSCIMA_W-01_10_D-ideal.png,1031,1179,1058,1204,notehead-full
images/CVC-MUSCIMA_W-01_10_D-ideal.png,1112,1170,1136,1197,notehead-full
images/CVC-MUSCIMA_W-01_10_D-ideal.png,1060,1380,1083,1404,notehead-full
images/CVC-MUSCIMA_W-01_10_D-ideal.png,1121,1373,1148,1398,notehead-full
images/CVC-MUSCIMA_W-01_10_D-ideal.png,1073,1489,1098,1517,notehead-full
images/CVC-MUSCIMA_W-01_10_D-ideal.png,1135,1484,1153,1508,notehead-full
images/CVC-MUSCIMA_W-01_10_D-ideal.png,1034,1622,1057,1647,notehead-full
images/CVC-MUSCIMA_W-01_10_D-ideal.png,1111,1618,1133,1640,notehead-full
images/CVC-MUSCIMA_W-01_10_D-ideal.png,1034,1708,1058,1732,notehead-full
images/CVC-MUSCIMA_W-01_10_D-ideal.png,1109,1699,1133,1723,notehead-full
images/CVC-MUSCIMA_W-01_10_D-ideal.png,1107,1769,1130,1792,notehead-full
images/CVC-MUSCIMA_W-01_10_D-ideal.png,1032,1778,1057,1803,notehead-full
images/CVC-MUSCIMA_W-01_10_D-ideal.png,1036,1855,1058,1876,notehead-full
images/CVC-MUSCIMA_W-01_10_D-ideal.png,1109,1851,1131,1872,notehead-full
images/CVC-MUSCIMA_W-01_10_D-ideal.png,842,1635,865,1660,notehead-full
images/CVC-MUSCIMA_W-01_10_D-ideal.png,863,1717,889,1737,notehead-full
images/CVC-MUSCIMA_W-01_10_D-ideal.png,855,1792,880,1815,notehead-full
images/CVC-MUSCIMA_W-01_10_D-ideal.png,858,1859,881,1879,notehead-full
images/CVC-MUSCIMA_W-01_10_D-ideal.png,813,1958,831,1978,notehead-full
images/CVC-MUSCIMA_W-01_10_D-ideal.png,741,1495,764,1521,notehead-full
images/CVC-MUSCIMA_W-01_10_D-ideal.png,770,1635,792,1659,notehead-full
images/CVC-MUSCIMA_W-01_10_D-ideal.png,767,1721,793,1743,notehead-full
images/CVC-MUSCIMA_W-01_10_D-ideal.png,769,1797,794,1815,notehead-full
images/CVC-MUSCIMA_W-01_10_D-ideal.png,770,1867,792,1892,notehead-full
images/CVC-MUSCIMA_W-01_10_D-ideal.png,713,1958,738,1988,notehead-full
images/CVC-MUSCIMA_W-01_10_D-ideal.png,504,1763,530,1787,notehead-full
images/CVC-MUSCIMA_W-01_10_D-ideal.png,547,1843,570,1865,notehead-full
images/CVC-MUSCIMA_W-01_10_D-ideal.png,558,1900,588,1923,notehead-full
images/CVC-MUSCIMA_W-01_10_D-ideal.png,579,1979,600,2005,notehead-full
images/CVC-MUSCIMA_W-01_10_D-ideal.png,559,1661,583,1685,notehead-full
images/CVC-MUSCIMA_W-01_10_D-ideal.png,563,1583,586,1608,notehead-full
images/CVC-MUSCIMA_W-01_10_D-ideal.png,565,1531,587,1551,notehead-full
images/CVC-MUSCIMA_W-01_10_D-ideal.png,562,1463,585,1483,notehead-full
images/CVC-MUSCIMA_W-01_10_D-ideal.png,522,1360,541,1386,notehead-full
images/CVC-MUSCIMA_W-01_10_D-ideal.png,398,1367,422,1388,notehead-full
images/CVC-MUSCIMA_W-01_10_D-ideal.png,405,1473,428,1493,notehead-full
images/CVC-MUSCIMA_W-01_10_D-ideal.png,400,1592,425,1616,notehead-full
images/CVC-MUSCIMA_W-01_10_D-ideal.png,401,1677,433,1703,notehead-full
images/CVC-MUSCIMA_W-01_10_D-ideal.png,370,1679,394,1703,notehead-full
images/CVC-MUSCIMA_W-01_10_D-ideal.png,373,1595,394,1622,notehead-full
images/CVC-MUSCIMA_W-01_10_D-ideal.png,348,1601,367,1624,notehead-full
images/CVC-MUSCIMA_W-01_10_D-ideal.png,379,1520,398,1548,notehead-full
images/CVC-MUSCIMA_W-01_10_D-ideal.png,357,1522,377,1544,notehead-full
images/CVC-MUSCIMA_W-01_10_D-ideal.png,343,1472,365,1496,notehead-full
images/CVC-MUSCIMA_W-01_10_D-ideal.png,371,1471,392,1496,notehead-full
images/CVC-MUSCIMA_W-01_10_D-ideal.png,331,1422,353,1441,notehead-full
images/CVC-MUSCIMA_W-01_10_D-ideal.png,360,1422,380,1445,notehead-full
images/CVC-MUSCIMA_W-01_10_D-ideal.png,344,1375,364,1397,notehead-full
images/CVC-MUSCIMA_W-01_10_D-ideal.png,313,1373,336,1399,notehead-full
images/CVC-MUSCIMA_W-01_10_D-ideal.png,402,1258,425,1275,notehead-full
images/CVC-MUSCIMA_W-01_10_D-ideal.png,370,1262,393,1280,notehead-full
images/CVC-MUSCIMA_W-01_10_D-ideal.png,341,1259,363,1279,notehead-full
images/CVC-MUSCIMA_W-01_10_D-ideal.png,384,1775,403,1803,notehead-full
images/CVC-MUSCIMA_W-01_10_D-ideal.png,408,1770,426,1796,notehead-full
images/CVC-MUSCIMA_W-01_10_D-ideal.png,382,1848,400,1870,notehead-full
images/CVC-MUSCIMA_W-01_10_D-ideal.png,404,1845,423,1870,notehead-full
images/CVC-MUSCIMA_W-01_10_D-ideal.png,384,1909,402,1937,notehead-full
images/CVC-MUSCIMA_W-01_10_D-ideal.png,404,1908,421,1932,notehead-full
images/CVC-MUSCIMA_W-01_10_D-ideal.png,381,1982,400,2012,notehead-full
images/CVC-MUSCIMA_W-01_10_D-ideal.png,406,1981,426,2009,notehead-full
images/CVC-MUSCIMA_W-01_10_D-ideal.png,430,1981,447,2004,notehead-full
images/CVC-MUSCIMA_W-01_10_D-ideal.png,382,2062,396,2091,notehead-full
images/CVC-MUSCIMA_W-01_10_D-ideal.png,405,2059,421,2088,notehead-full
images/CVC-MUSCIMA_W-01_10_D-ideal.png,427,2060,443,2085,notehead-full
images/CVC-MUSCIMA_W-01_10_D-ideal.png,593,2116,615,2139,notehead-full
images/CVC-MUSCIMA_W-01_10_D-ideal.png,346,2265,366,2288,notehead-full
images/CVC-MUSCIMA_W-01_10_D-ideal.png,416,2261,436,2287,notehead-full
images/CVC-MUSCIMA_W-01_10_D-ideal.png,608,2252,628,2273,notehead-full
images/CVC-MUSCIMA_W-01_10_D-ideal.png,515,2425,542,2451,notehead-full
images/CVC-MUSCIMA_W-01_10_D-ideal.png,463,2522,484,2546,notehead-full
images/CVC-MUSCIMA_W-01_10_D-ideal.png,550,2502,571,2528,notehead-full
images/CVC-MUSCIMA_W-01_10_D-ideal.png,536,2597,556,2620,notehead-full
images/CVC-MUSCIMA_W-01_10_D-ideal.png,523,2672,544,2693,notehead-full
images/CVC-MUSCIMA_W-01_10_D-ideal.png,547,2719,571,2742,notehead-full
images/CVC-MUSCIMA_W-01_10_D-ideal.png,503,2781,530,2806,notehead-full
images/CVC-MUSCIMA_W-01_10_D-ideal.png,607,2786,631,2808,notehead-full
images/CVC-MUSCIMA_W-01_10_D-ideal.png,617,2664,635,2688,notehead-full
images/CVC-MUSCIMA_W-01_10_D-ideal.png,614,2413,639,2439,notehead-full
images/CVC-MUSCIMA_W-01_10_D-ideal.png,590,2343,613,2370,notehead-full
images/CVC-MUSCIMA_W-01_10_D-ideal.png,631,2592,656,2612,notehead-full
images/CVC-MUSCIMA_W-01_10_D-ideal.png,641,2715,660,2735,notehead-full
images/CVC-MUSCIMA_W-01_10_D-ideal.png,408,2358,434,2386,notehead-full
images/CVC-MUSCIMA_W-01_10_D-ideal.png,536,3129,557,3154,notehead-full
images/CVC-MUSCIMA_W-01_10_D-ideal.png,533,3225,556,3250,notehead-full
images/CVC-MUSCIMA_W-01_10_D-ideal.png,548,3025,570,3057,notehead-full
images/CVC-MUSCIMA_W-01_10_D-ideal.png,561,2944,585,2967,notehead-full
images/CVC-MUSCIMA_W-01_10_D-ideal.png,563,2863,586,2890,notehead-full
images/CVC-MUSCIMA_W-01_10_D-ideal.png,343,3131,361,3157,notehead-full
images/CVC-MUSCIMA_W-01_10_D-ideal.png,374,3128,393,3146,notehead-full
images/CVC-MUSCIMA_W-01_10_D-ideal.png,409,3122,429,3147,notehead-full
images/CVC-MUSCIMA_W-01_10_D-ideal.png,344,3045,365,3070,notehead-full
images/CVC-MUSCIMA_W-01_10_D-ideal.png,372,3046,393,3073,notehead-full
images/CVC-MUSCIMA_W-01_10_D-ideal.png,396,3039,416,3064,notehead-full
images/CVC-MUSCIMA_W-01_10_D-ideal.png,343,2960,362,2991,notehead-full
images/CVC-MUSCIMA_W-01_10_D-ideal.png,373,2963,391,2987,notehead-full
images/CVC-MUSCIMA_W-01_10_D-ideal.png,398,2955,420,2983,notehead-full
images/CVC-MUSCIMA_W-01_10_D-ideal.png,395,2869,420,2891,notehead-full
images/CVC-MUSCIMA_W-01_10_D-ideal.png,369,2874,394,2897,notehead-full
images/CVC-MUSCIMA_W-01_10_D-ideal.png,342,2876,365,2900,notehead-full
images/CVC-MUSCIMA_W-01_10_D-ideal.png,422,3227,441,3258,notehead-full
images/CVC-MUSCIMA_W-01_10_D-ideal.png,372,3235,396,3260,notehead-full
images/CVC-MUSCIMA_W-01_10_D-ideal.png,344,3246,367,3269,notehead-full
images/CVC-MUSCIMA_W-01_10_D-ideal.png,649,2870,671,2894,notehead-full
images/CVC-MUSCIMA_W-01_10_D-ideal.png,718,2922,741,2947,notehead-full
images/CVC-MUSCIMA_W-01_10_D-ideal.png,816,2917,839,2942,notehead-full
images/CVC-MUSCIMA_W-01_10_D-ideal.png,852,2834,873,2857,notehead-full
images/CVC-MUSCIMA_W-01_10_D-ideal.png,756,2837,779,2860,notehead-full
images/CVC-MUSCIMA_W-01_10_D-ideal.png,773,2784,795,2801,notehead-full
images/CVC-MUSCIMA_W-01_10_D-ideal.png,863,2774,886,2796,notehead-full
images/CVC-MUSCIMA_W-01_10_D-ideal.png,754,2725,776,2748,notehead-full
images/CVC-MUSCIMA_W-01_10_D-ideal.png,848,2714,874,2741,notehead-full
images/CVC-MUSCIMA_W-01_10_D-ideal.png,842,2673,862,2693,grace-notehead-full
images/CVC-MUSCIMA_W-01_10_D-ideal.png,725,2984,747,3008,notehead-full
images/CVC-MUSCIMA_W-01_10_D-ideal.png,826,2977,848,2996,notehead-full
images/CVC-MUSCIMA_W-01_10_D-ideal.png,728,3057,750,3083,notehead-full
images/CVC-MUSCIMA_W-01_10_D-ideal.png,729,3107,754,3134,notehead-full
images/CVC-MUSCIMA_W-01_10_D-ideal.png,729,3156,754,3185,notehead-full
images/CVC-MUSCIMA_W-01_10_D-ideal.png,829,3147,851,3173,notehead-full
images/CVC-MUSCIMA_W-01_10_D-ideal.png,828,3099,849,3123,notehead-full
images/CVC-MUSCIMA_W-01_10_D-ideal.png,828,3052,850,3078,notehead-full
images/CVC-MUSCIMA_W-01_10_D-ideal.png,826,3206,851,3230,notehead-full
images/CVC-MUSCIMA_W-01_10_D-ideal.png,728,3218,748,3242,notehead-full
images/CVC-MUSCIMA_W-01_10_D-ideal.png,939,3094,962,3118,notehead-full
images/CVC-MUSCIMA_W-01_10_D-ideal.png,964,3094,986,3117,notehead-full
images/CVC-MUSCIMA_W-01_10_D-ideal.png,953,3198,972,3221,notehead-full
images/CVC-MUSCIMA_W-01_10_D-ideal.png,981,3197,1000,3214,notehead-full
images/CVC-MUSCIMA_W-01_10_D-ideal.png,962,3248,983,3271,notehead-full
images/CVC-MUSCIMA_W-01_10_D-ideal.png,932,3255,958,3276,notehead-full
images/CVC-MUSCIMA_W-01_10_D-ideal.png,825,3256,849,3282,notehead-full
images/CVC-MUSCIMA_W-01_10_D-ideal.png,727,3270,747,3293,notehead-full
images/CVC-MUSCIMA_W-01_10_D-ideal.png,726,2587,749,2613,notehead-full
images/CVC-MUSCIMA_W-01_10_D-ideal.png,826,2570,850,2595,notehead-full
images/CVC-MUSCIMA_W-01_10_D-ideal.png,845,2624,865,2646,notehead-full
images/CVC-MUSCIMA_W-01_10_D-ideal.png,739,2639,763,2666,notehead-full
images/CVC-MUSCIMA_W-01_10_D-ideal.png,979,2550,1000,2572,notehead-full
images/CVC-MUSCIMA_W-01_10_D-ideal.png,955,2549,972,2572,notehead-full
images/CVC-MUSCIMA_W-01_10_D-ideal.png,928,2427,954,2447,notehead-full
images/CVC-MUSCIMA_W-01_10_D-ideal.png,961,2429,981,2446,notehead-full
images/CVC-MUSCIMA_W-01_10_D-ideal.png,976,2349,996,2373,notehead-full
images/CVC-MUSCIMA_W-01_10_D-ideal.png,726,2359,750,2390,notehead-full
images/CVC-MUSCIMA_W-01_10_D-ideal.png,725,2442,746,2470,notehead-full
images/CVC-MUSCIMA_W-01_10_D-ideal.png,829,2429,849,2453,notehead-full
images/CVC-MUSCIMA_W-01_10_D-ideal.png,829,2349,850,2369,notehead-full
images/CVC-MUSCIMA_W-01_10_D-ideal.png,730,2288,753,2315,notehead-full
images/CVC-MUSCIMA_W-01_10_D-ideal.png,827,2283,847,2305,notehead-full
images/CVC-MUSCIMA_W-01_10_D-ideal.png,725,2031,748,2054,notehead-full
images/CVC-MUSCIMA_W-01_10_D-ideal.png,828,2019,850,2043,notehead-full
images/CVC-MUSCIMA_W-01_10_D-ideal.png,727,2152,752,2176,notehead-full
images/CVC-MUSCIMA_W-01_10_D-ideal.png,827,2147,849,2168,notehead-full
images/CVC-MUSCIMA_W-01_10_D-ideal.png,825,2213,851,2232,notehead-full
images/CVC-MUSCIMA_W-01_10_D-ideal.png,727,2222,750,2247,notehead-full
images/CVC-MUSCIMA_W-01_10_D-ideal.png,939,2222,960,2243,notehead-full
images/CVC-MUSCIMA_W-01_10_D-ideal.png,963,2212,981,2237,notehead-full
images/CVC-MUSCIMA_W-01_10_D-ideal.png,1000,536,1029,571,notehead-empty
images/CVC-MUSCIMA_W-01_10_D-ideal.png,1098,534,1131,564,notehead-empty
images/CVC-MUSCIMA_W-01_10_D-ideal.png,1406,420,1436,445,notehead-empty
images/CVC-MUSCIMA_W-01_10_D-ideal.png,1433,412,1458,444,notehead-empty
images/CVC-MUSCIMA_W-01_10_D-ideal.png,561,439,588,475,notehead-empty
images/CVC-MUSCIMA_W-01_10_D-ideal.png,391,437,426,469,notehead-empty
images/CVC-MUSCIMA_W-01_10_D-ideal.png,873,1288,888,1305,grace-notehead-full
images/CVC-MUSCIMA_W-01_10_D-ideal.png,1516,672,1537,691,grace-notehead-full
images/CVC-MUSCIMA_W-01_10_D-ideal.png,745,2686,765,2703,grace-notehead-full
images/CVC-MUSCIMA_W-01_10_D-ideal.png,314,462,394,470,stem
images/CVC-MUSCIMA_W-01_10_D-ideal.png,313,574,379,583,stem
images/CVC-MUSCIMA_W-01_10_D-ideal.png,312,623,381,636,stem
images/CVC-MUSCIMA_W-01_10_D-ideal.png,342,737,395,745,stem
images/CVC-MUSCIMA_W-01_10_D-ideal.png,311,792,368,801,stem
images/CVC-MUSCIMA_W-01_10_D-ideal.png,496,466,561,474,stem
images/CVC-MUSCIMA_W-01_10_D-ideal.png,555,607,619,617,stem
images/CVC-MUSCIMA_W-01_10_D-ideal.png,555,778,616,788,stem
images/CVC-MUSCIMA_W-01_10_D-ideal.png,718,446,790,456,stem
images/CVC-MUSCIMA_W-01_10_D-ideal.png,726,504,807,513,stem
images/CVC-MUSCIMA_W-01_10_D-ideal.png,732,571,823,587,stem
images/CVC-MUSCIMA_W-01_10_D-ideal.png,748,674,829,685,stem
images/CVC-MUSCIMA_W-01_10_D-ideal.png,767,746,877,761,stem
images/CVC-MUSCIMA_W-01_10_D-ideal.png,803,837,923,856,stem
images/CVC-MUSCIMA_W-01_10_D-ideal.png,854,420,921,431,stem
images/CVC-MUSCIMA_W-01_10_D-ideal.png,859,572,913,586,stem
images/CVC-MUSCIMA_W-01_10_D-ideal.png,899,537,944,546,stem
images/CVC-MUSCIMA_W-01_10_D-ideal.png,906,652,933,663,stem
images/CVC-MUSCIMA_W-01_10_D-ideal.png,970,419,1075,429,stem
images/CVC-MUSCIMA_W-01_10_D-ideal.png,944,552,1113,567,stem
images/CVC-MUSCIMA_W-01_10_D-ideal.png,949,826,1109,841,stem
images/CVC-MUSCIMA_W-01_10_D-ideal.png,1224,484,1378,503,stem
images/CVC-MUSCIMA_W-01_10_D-ideal.png,1232,539,1380,554,stem
images/CVC-MUSCIMA_W-01_10_D-ideal.png,1209,657,1367,675,stem
images/CVC-MUSCIMA_W-01_10_D-ideal.png,1230,596,1379,614,stem
images/CVC-MUSCIMA_W-01_10_D-ideal.png,1208,802,1363,816,stem
images/CVC-MUSCIMA_W-01_10_D-ideal.png,1418,413,1518,424,stem
images/CVC-MUSCIMA_W-01_10_D-ideal.png,1488,680,1521,688,stem
images/CVC-MUSCIMA_W-01_10_D-ideal.png,1418,734,1536,750,stem
images/CVC-MUSCIMA_W-01_10_D-ideal.png,919,950,1077,962,stem
images/CVC-MUSCIMA_W-01_10_D-ideal.png,789,956,872,966,stem
images/CVC-MUSCIMA_W-01_10_D-ideal.png,950,1041,1117,1054,stem
images/CVC-MUSCIMA_W-01_10_D-ideal.png,954,1111,1106,1128,stem
images/CVC-MUSCIMA_W-01_10_D-ideal.png,993,1193,1124,1205,stem
images/CVC-MUSCIMA_W-01_10_D-ideal.png,1002,1391,1137,1401,stem
images/CVC-MUSCIMA_W-01_10_D-ideal.png,796,1384,915,1397,stem
images/CVC-MUSCIMA_W-01_10_D-ideal.png,806,1303,875,1311,stem
images/CVC-MUSCIMA_W-01_10_D-ideal.png,730,1039,882,1053,stem
images/CVC-MUSCIMA_W-01_10_D-ideal.png,730,1116,885,1131,stem
images/CVC-MUSCIMA_W-01_10_D-ideal.png,718,1193,885,1205,stem
images/CVC-MUSCIMA_W-01_10_D-ideal.png,529,1358,602,1367,stem
images/CVC-MUSCIMA_W-01_10_D-ideal.png,506,1479,565,1488,stem
images/CVC-MUSCIMA_W-01_10_D-ideal.png,499,1543,568,1552,stem
images/CVC-MUSCIMA_W-01_10_D-ideal.png,692,1416,757,1424,stem
images/CVC-MUSCIMA_W-01_10_D-ideal.png,677,1511,745,1524,stem
images/CVC-MUSCIMA_W-01_10_D-ideal.png,287,1014,413,1025,stem
images/CVC-MUSCIMA_W-01_10_D-ideal.png,293,1069,411,1081,stem
images/CVC-MUSCIMA_W-01_10_D-ideal.png,290,1137,411,1149,stem
images/CVC-MUSCIMA_W-01_10_D-ideal.png,305,1196,419,1207,stem
images/CVC-MUSCIMA_W-01_10_D-ideal.png,300,1269,420,1279,stem
images/CVC-MUSCIMA_W-01_10_D-ideal.png,413,1366,468,1376,stem
images/CVC-MUSCIMA_W-01_10_D-ideal.png,424,1470,460,1479,stem
images/CVC-MUSCIMA_W-01_10_D-ideal.png,423,1593,474,1602,stem
images/CVC-MUSCIMA_W-01_10_D-ideal.png,417,1676,471,1686,stem
images/CVC-MUSCIMA_W-01_10_D-ideal.png,502,1602,571,1610,stem
images/CVC-MUSCIMA_W-01_10_D-ideal.png,503,1676,563,1685,stem
images/CVC-MUSCIMA_W-01_10_D-ideal.png,318,1694,373,1703,stem
images/CVC-MUSCIMA_W-01_10_D-ideal.png,302,1614,378,1624,stem
images/CVC-MUSCIMA_W-01_10_D-ideal.png,301,1540,382,1554,stem
images/CVC-MUSCIMA_W-01_10_D-ideal.png,292,1487,379,1501,stem
images/CVC-MUSCIMA_W-01_10_D-ideal.png,278,1432,364,1448,stem
images/CVC-MUSCIMA_W-01_10_D-ideal.png,262,1388,348,1401,stem
images/CVC-MUSCIMA_W-01_10_D-ideal.png,525,1760,592,1774,stem
images/CVC-MUSCIMA_W-01_10_D-ideal.png,493,1858,549,1866,stem
images/CVC-MUSCIMA_W-01_10_D-ideal.png,490,1916,564,1929,stem
images/CVC-MUSCIMA_W-01_10_D-ideal.png,528,2000,588,2007,stem
images/CVC-MUSCIMA_W-01_10_D-ideal.png,541,2133,600,2143,stem
images/CVC-MUSCIMA_W-01_10_D-ideal.png,327,1793,417,1804,stem
images/CVC-MUSCIMA_W-01_10_D-ideal.png,312,1864,414,1874,stem
images/CVC-MUSCIMA_W-01_10_D-ideal.png,313,1927,406,1944,stem
images/CVC-MUSCIMA_W-01_10_D-ideal.png,327,2000,444,2010,stem
images/CVC-MUSCIMA_W-01_10_D-ideal.png,330,2080,437,2093,stem
images/CVC-MUSCIMA_W-01_10_D-ideal.png,285,2281,348,2291,stem
images/CVC-MUSCIMA_W-01_10_D-ideal.png,429,2256,464,2265,stem
images/CVC-MUSCIMA_W-01_10_D-ideal.png,428,2355,462,2369,stem
images/CVC-MUSCIMA_W-01_10_D-ideal.png,454,2444,525,2455,stem
images/CVC-MUSCIMA_W-01_10_D-ideal.png,618,2247,687,2256,stem
images/CVC-MUSCIMA_W-01_10_D-ideal.png,611,2344,674,2358,stem
images/CVC-MUSCIMA_W-01_10_D-ideal.png,633,2409,665,2420,stem
images/CVC-MUSCIMA_W-01_10_D-ideal.png,569,2491,665,2507,stem
images/CVC-MUSCIMA_W-01_10_D-ideal.png,442,2540,472,2549,stem
images/CVC-MUSCIMA_W-01_10_D-ideal.png,483,2610,536,2623,stem
images/CVC-MUSCIMA_W-01_10_D-ideal.png,483,2682,526,2692,stem
images/CVC-MUSCIMA_W-01_10_D-ideal.png,651,2592,701,2600,stem
images/CVC-MUSCIMA_W-01_10_D-ideal.png,633,2662,693,2671,stem
images/CVC-MUSCIMA_W-01_10_D-ideal.png,476,2732,552,2744,stem
images/CVC-MUSCIMA_W-01_10_D-ideal.png,470,2792,505,2802,stem
images/CVC-MUSCIMA_W-01_10_D-ideal.png,627,2780,682,2790,stem
images/CVC-MUSCIMA_W-01_10_D-ideal.png,657,2713,684,2723,stem
images/CVC-MUSCIMA_W-01_10_D-ideal.png,518,2882,656,2893,stem
images/CVC-MUSCIMA_W-01_10_D-ideal.png,502,2964,565,2973,stem
images/CVC-MUSCIMA_W-01_10_D-ideal.png,288,2889,413,2904,stem
images/CVC-MUSCIMA_W-01_10_D-ideal.png,293,2976,406,2990,stem
images/CVC-MUSCIMA_W-01_10_D-ideal.png,297,3063,402,3078,stem
images/CVC-MUSCIMA_W-01_10_D-ideal.png,297,3142,422,3154,stem
images/CVC-MUSCIMA_W-01_10_D-ideal.png,306,3250,438,3267,stem
images/CVC-MUSCIMA_W-01_10_D-ideal.png,484,3042,551,3053,stem
images/CVC-MUSCIMA_W-01_10_D-ideal.png,554,3130,621,3139,stem
images/CVC-MUSCIMA_W-01_10_D-ideal.png,546,3217,630,3228,stem
images/CVC-MUSCIMA_W-01_10_D-ideal.png,747,3046,892,3065,stem
images/CVC-MUSCIMA_W-01_10_D-ideal.png,751,3099,905,3115,stem
images/CVC-MUSCIMA_W-01_10_D-ideal.png,749,3147,901,3163,stem
images/CVC-MUSCIMA_W-01_10_D-ideal.png,736,3205,898,3218,stem
images/CVC-MUSCIMA_W-01_10_D-ideal.png,744,3256,903,3277,stem
images/CVC-MUSCIMA_W-01_10_D-ideal.png,728,2915,890,2929,stem
images/CVC-MUSCIMA_W-01_10_D-ideal.png,740,2974,889,2988,stem
images/CVC-MUSCIMA_W-01_10_D-ideal.png,719,2849,864,2860,stem
images/CVC-MUSCIMA_W-01_10_D-ideal.png,719,2796,876,2808,stem
images/CVC-MUSCIMA_W-01_10_D-ideal.png,710,2732,862,2746,stem
images/CVC-MUSCIMA_W-01_10_D-ideal.png,951,3087,1030,3098,stem
images/CVC-MUSCIMA_W-01_10_D-ideal.png,960,3187,1043,3201,stem
images/CVC-MUSCIMA_W-01_10_D-ideal.png,947,3246,1027,3259,stem
images/CVC-MUSCIMA_W-01_10_D-ideal.png,970,2544,1046,2554,stem
images/CVC-MUSCIMA_W-01_10_D-ideal.png,703,2591,836,2615,stem
images/CVC-MUSCIMA_W-01_10_D-ideal.png,704,2645,855,2665,stem
images/CVC-MUSCIMA_W-01_10_D-ideal.png,739,2432,886,2445,stem
images/CVC-MUSCIMA_W-01_10_D-ideal.png,946,2419,1029,2432,stem
images/CVC-MUSCIMA_W-01_10_D-ideal.png,967,2346,1068,2360,stem
images/CVC-MUSCIMA_W-01_10_D-ideal.png,953,2353,974,2374,notehead-full
images/CVC-MUSCIMA_W-01_10_D-ideal.png,745,2215,885,2225,stem
images/CVC-MUSCIMA_W-01_10_D-ideal.png,741,2144,905,2159,stem
images/CVC-MUSCIMA_W-01_10_D-ideal.png,748,2282,875,2295,stem
images/CVC-MUSCIMA_W-01_10_D-ideal.png,746,2352,897,2367,stem
images/CVC-MUSCIMA_W-01_10_D-ideal.png,952,2214,1042,2224,stem
images/CVC-MUSCIMA_W-01_10_D-ideal.png,740,2015,873,2032,stem
images/CVC-MUSCIMA_W-01_10_D-ideal.png,732,1950,884,1966,stem
images/CVC-MUSCIMA_W-01_10_D-ideal.png,716,1878,874,1893,stem
images/CVC-MUSCIMA_W-01_10_D-ideal.png,713,1804,864,1819,stem
images/CVC-MUSCIMA_W-01_10_D-ideal.png,713,1731,868,1746,stem
images/CVC-MUSCIMA_W-01_10_D-ideal.png,996,1866,1123,1876,stem
images/CVC-MUSCIMA_W-01_10_D-ideal.png,973,1786,1114,1801,stem
images/CVC-MUSCIMA_W-01_10_D-ideal.png,976,1718,1120,1733,stem
images/CVC-MUSCIMA_W-01_10_D-ideal.png,983,1636,1127,1648,stem
images/CVC-MUSCIMA_W-01_10_D-ideal.png,729,1651,849,1662,stem
images/CVC-MUSCIMA_W-01_10_D-ideal.png,999,1499,1145,1514,stem
images/CVC-MUSCIMA_W-01_10_D-ideal.png,312,574,321,632,beam
images/CVC-MUSCIMA_W-01_10_D-ideal.png,330,600,339,627,beam
images/CVC-MUSCIMA_W-01_10_D-ideal.png,607,561,630,623,beam
images/CVC-MUSCIMA_W-01_10_D-ideal.png,591,582,606,610,beam
images/CVC-MUSCIMA_W-01_10_D-ideal.png,290,1076,301,1149,beam
images/CVC-MUSCIMA_W-01_10_D-ideal.png,308,1113,317,1141,beam
images/CVC-MUSCIMA_W-01_10_D-ideal.png,260,1395,306,1553,beam
images/CVC-MUSCIMA_W-01_10_D-ideal.png,499,1480,513,1552,beam
images/CVC-MUSCIMA_W-01_10_D-ideal.png,516,1515,529,1551,beam
images/CVC-MUSCIMA_W-01_10_D-ideal.png,313,1868,326,1944,beam
images/CVC-MUSCIMA_W-01_10_D-ideal.png,330,1904,340,1938,beam
images/CVC-MUSCIMA_W-01_10_D-ideal.png,488,1860,498,1927,beam
images/CVC-MUSCIMA_W-01_10_D-ideal.png,501,1891,509,1923,beam
images/CVC-MUSCIMA_W-01_10_D-ideal.png,440,2256,470,2547,beam
images/CVC-MUSCIMA_W-01_10_D-ideal.png,440,2327,451,2363,beam
images/CVC-MUSCIMA_W-01_10_D-ideal.png,492,2646,503,2691,beam
images/CVC-MUSCIMA_W-01_10_D-ideal.png,479,2758,492,2797,beam
images/CVC-MUSCIMA_W-01_10_D-ideal.png,468,2619,487,2801,beam
images/CVC-MUSCIMA_W-01_10_D-ideal.png,658,2247,687,2500,beam
images/CVC-MUSCIMA_W-01_10_D-ideal.png,649,2312,662,2354,beam
images/CVC-MUSCIMA_W-01_10_D-ideal.png,642,2463,654,2501,beam
images/CVC-MUSCIMA_W-01_10_D-ideal.png,664,2632,679,2665,beam
images/CVC-MUSCIMA_W-01_10_D-ideal.png,659,2749,673,2783,beam
images/CVC-MUSCIMA_W-01_10_D-ideal.png,677,2592,701,2788,beam
images/CVC-MUSCIMA_W-01_10_D-ideal.png,694,2608,724,2809,beam
images/CVC-MUSCIMA_W-01_10_D-ideal.png,728,2761,741,2806,beam
images/CVC-MUSCIMA_W-01_10_D-ideal.png,879,2915,897,2993,beam
images/CVC-MUSCIMA_W-01_10_D-ideal.png,863,2948,876,2980,beam
images/CVC-MUSCIMA_W-01_10_D-ideal.png,873,3125,884,3155,beam
images/CVC-MUSCIMA_W-01_10_D-ideal.png,891,3101,905,3160,beam
images/CVC-MUSCIMA_W-01_10_D-ideal.png,481,2965,504,3052,beam
images/CVC-MUSCIMA_W-01_10_D-ideal.png,501,3005,516,3047,beam
images/CVC-MUSCIMA_W-01_10_D-ideal.png,291,2982,302,3075,beam
images/CVC-MUSCIMA_W-01_10_D-ideal.png,309,3028,320,3078,beam
images/CVC-MUSCIMA_W-01_10_D-ideal.png,860,2249,872,2285,beam
images/CVC-MUSCIMA_W-01_10_D-ideal.png,871,2216,890,2294,beam
images/CVC-MUSCIMA_W-01_10_D-ideal.png,969,1724,980,1797,beam
images/CVC-MUSCIMA_W-01_10_D-ideal.png,987,1761,998,1799,beam
images/CVC-MUSCIMA_W-01_10_D-ideal.png,852,1988,864,2025,beam
images/CVC-MUSCIMA_W-01_10_D-ideal.png,869,1951,884,2032,beam
images/CVC-MUSCIMA_W-01_10_D-ideal.png,710,1735,721,1816,beam
images/CVC-MUSCIMA_W-01_10_D-ideal.png,726,1773,736,1816,beam
images/CVC-MUSCIMA_W-01_10_D-ideal.png,677,1418,702,1524,beam
images/CVC-MUSCIMA_W-01_10_D-ideal.png,697,1477,710,1525,beam
images/CVC-MUSCIMA_W-01_10_D-ideal.png,995,1398,1005,1508,beam
images/CVC-MUSCIMA_W-01_10_D-ideal.png,1017,1455,1025,1505,beam
images/CVC-MUSCIMA_W-01_10_D-ideal.png,723,1043,736,1131,beam
images/CVC-MUSCIMA_W-01_10_D-ideal.png,739,1088,749,1130,beam
images/CVC-MUSCIMA_W-01_10_D-ideal.png,946,1047,959,1127,beam
images/CVC-MUSCIMA_W-01_10_D-ideal.png,967,1085,978,1126,beam
images/CVC-MUSCIMA_W-01_10_D-ideal.png,928,537,944,668,beam
images/CVC-MUSCIMA_W-01_10_D-ideal.png,759,628,770,679,beam
images/CVC-MUSCIMA_W-01_10_D-ideal.png,718,448,752,686,beam
images/CVC-MUSCIMA_W-01_10_D-ideal.png,1327,810,1359,833,notehead-full
images/CVC-MUSCIMA_W-01_10_D-ideal.png,914,625,925,656,beam
images/CVC-MUSCIMA_W-01_10_D-ideal.png,582,784,614,806,8th_flag
images/CVC-MUSCIMA_W-01_10_D-ideal.png,314,800,353,827,8th_flag
images/CVC-MUSCIMA_W-01_10_D-ideal.png,537,2136,579,2167,8th_flag
images/CVC-MUSCIMA_W-01_10_D-ideal.png,286,2289,331,2316,8th_flag
images/CVC-MUSCIMA_W-01_10_D-ideal.png,722,2700,748,2719,8th_flag
images/CVC-MUSCIMA_W-01_10_D-ideal.png,806,1308,847,1329,8th_flag
images/CVC-MUSCIMA_W-01_10_D-ideal.png,1484,677,1510,697,8th_flag
images/CVC-MUSCIMA_W-01_10_D-ideal.png,401,433,412,479,ledger_line
images/CVC-MUSCIMA_W-01_10_D-ideal.png,409,709,419,750,ledger_line
images/CVC-MUSCIMA_W-01_10_D-ideal.png,404,994,414,1033,ledger_line
images/CVC-MUSCIMA_W-01_10_D-ideal.png,402,1048,412,1087,ledger_line
images/CVC-MUSCIMA_W-01_10_D-ideal.png,400,1111,409,1150,ledger_line
images/CVC-MUSCIMA_W-01_10_D-ideal.png,406,1178,415,1214,ledger_line
images/CVC-MUSCIMA_W-01_10_D-ideal.png,407,1247,416,1286,ledger_line
images/CVC-MUSCIMA_W-01_10_D-ideal.png,407,1361,416,1398,ledger_line
images/CVC-MUSCIMA_W-01_10_D-ideal.png,411,1460,422,1499,ledger_line
images/CVC-MUSCIMA_W-01_10_D-ideal.png,407,1583,417,1622,ledger_line
images/CVC-MUSCIMA_W-01_10_D-ideal.png,407,1667,417,1711,ledger_line
images/CVC-MUSCIMA_W-01_10_D-ideal.png,400,1761,411,1814,ledger_line
images/CVC-MUSCIMA_W-01_10_D-ideal.png,396,1838,406,1888,ledger_line
images/CVC-MUSCIMA_W-01_10_D-ideal.png,397,1901,407,1948,ledger_line
images/CVC-MUSCIMA_W-01_10_D-ideal.png,399,1969,409,2023,ledger_line
images/CVC-MUSCIMA_W-01_10_D-ideal.png,422,1969,433,2021,ledger_line
images/CVC-MUSCIMA_W-01_10_D-ideal.png,395,2047,407,2098,ledger_line
images/CVC-MUSCIMA_W-01_10_D-ideal.png,418,2044,431,2105,ledger_line
images/CVC-MUSCIMA_W-01_10_D-ideal.png,398,2252,406,2301,ledger_line
images/CVC-MUSCIMA_W-01_10_D-ideal.png,409,2259,417,2301,ledger_line
images/CVC-MUSCIMA_W-01_10_D-ideal.png,401,2355,409,2392,ledger_line
images/CVC-MUSCIMA_W-01_10_D-ideal.png,415,2351,425,2395,ledger_line
images/CVC-MUSCIMA_W-01_10_D-ideal.png,480,2514,490,2553,ledger_line
images/CVC-MUSCIMA_W-01_10_D-ideal.png,639,2581,650,2626,ledger_line
images/CVC-MUSCIMA_W-01_10_D-ideal.png,635,2711,645,2752,ledger_line
images/CVC-MUSCIMA_W-01_10_D-ideal.png,636,2864,647,2904,ledger_line
images/CVC-MUSCIMA_W-01_10_D-ideal.png,655,2863,665,2903,ledger_line
images/CVC-MUSCIMA_W-01_10_D-ideal.png,405,2862,413,2902,ledger_line
images/CVC-MUSCIMA_W-01_10_D-ideal.png,401,2946,412,2989,ledger_line
images/CVC-MUSCIMA_W-01_10_D-ideal.png,401,3035,412,3078,ledger_line
images/CVC-MUSCIMA_W-01_10_D-ideal.png,401,3117,413,3157,ledger_line
images/CVC-MUSCIMA_W-01_10_D-ideal.png,416,3218,424,3265,ledger_line
images/CVC-MUSCIMA_W-01_10_D-ideal.png,943,3085,955,3129,ledger_line
images/CVC-MUSCIMA_W-01_10_D-ideal.png,938,3241,949,3291,ledger_line
images/CVC-MUSCIMA_W-01_10_D-ideal.png,867,2763,879,2811,ledger_line
images/CVC-MUSCIMA_W-01_10_D-ideal.png,935,2418,945,2462,ledger_line
images/CVC-MUSCIMA_W-01_10_D-ideal.png,943,2207,956,2249,ledger_line
images/CVC-MUSCIMA_W-01_10_D-ideal.png,868,1709,878,1749,ledger_line
images/CVC-MUSCIMA_W-01_10_D-ideal.png,861,1780,874,1827,ledger_line
images/CVC-MUSCIMA_W-01_10_D-ideal.png,864,1849,874,1888,ledger_line
images/CVC-MUSCIMA_W-01_10_D-ideal.png,1101,1614,1111,1656,ledger_line
images/CVC-MUSCIMA_W-01_10_D-ideal.png,1118,1617,1129,1653,ledger_line
images/CVC-MUSCIMA_W-01_10_D-ideal.png,1097,1694,1108,1732,ledger_line
images/CVC-MUSCIMA_W-01_10_D-ideal.png,1115,1693,1126,1734,ledger_line
images/CVC-MUSCIMA_W-01_10_D-ideal.png,1095,1765,1107,1801,ledger_line
images/CVC-MUSCIMA_W-01_10_D-ideal.png,1111,1766,1125,1805,ledger_line
images/CVC-MUSCIMA_W-01_10_D-ideal.png,1094,1848,1105,1886,ledger_line
images/CVC-MUSCIMA_W-01_10_D-ideal.png,1116,1844,1126,1889,ledger_line
images/CVC-MUSCIMA_W-01_10_D-ideal.png,1093,1362,1106,1406,ledger_line
images/CVC-MUSCIMA_W-01_10_D-ideal.png,1111,1367,1123,1406,ledger_line
images/CVC-MUSCIMA_W-01_10_D-ideal.png,1128,1367,1139,1410,ledger_line
images/CVC-MUSCIMA_W-01_10_D-ideal.png,1102,1479,1112,1520,ledger_line
images/CVC-MUSCIMA_W-01_10_D-ideal.png,1113,1480,1125,1521,ledger_line
images/CVC-MUSCIMA_W-01_10_D-ideal.png,1130,1481,1139,1521,ledger_line
images/CVC-MUSCIMA_W-01_10_D-ideal.png,867,1284,876,1318,ledger_line
images/CVC-MUSCIMA_W-01_10_D-ideal.png,868,1176,880,1217,ledger_line
images/CVC-MUSCIMA_W-01_10_D-ideal.png,871,1091,884,1136,ledger_line
images/CVC-MUSCIMA_W-01_10_D-ideal.png,872,1013,884,1057,ledger_line
images/CVC-MUSCIMA_W-01_10_D-ideal.png,875,933,885,976,ledger_line
images/CVC-MUSCIMA_W-01_10_D-ideal.png,1105,1018,1117,1063,ledger_line
images/CVC-MUSCIMA_W-01_10_D-ideal.png,1096,1091,1110,1137,ledger_line
images/CVC-MUSCIMA_W-01_10_D-ideal.png,1099,1162,1111,1204,ledger_line
images/CVC-MUSCIMA_W-01_10_D-ideal.png,1115,1165,1127,1214,ledger_line
images/CVC-MUSCIMA_W-01_10_D-ideal.png,1103,793,1114,851,ledger_line
images/CVC-MUSCIMA_W-01_10_D-ideal.png,1106,527,1119,569,ledger_line
images/CVC-MUSCIMA_W-01_10_D-ideal.png,1410,735,1421,772,ledger_line
images/CVC-MUSCIMA_W-01_10_D-ideal.png,1414,406,1427,451,ledger_line
images/CVC-MUSCIMA_W-01_10_D-ideal.png,876,413,886,453,ledger_line
images/CVC-MUSCIMA_W-01_10_D-ideal.png,872,536,882,575,ledger_line
images/CVC-MUSCIMA_W-01_10_D-ideal.png,890,644,902,687,ledger_line
images/CVC-MUSCIMA_W-01_10_D-ideal.png,868,726,876,767,ledger_line
images/CVC-MUSCIMA_W-01_10_D-ideal.png,873,647,884,688,ledger_line
images/CVC-MUSCIMA_W-01_10_D-ideal.png,876,809,886,864,ledger_line
images/CVC-MUSCIMA_W-01_10_D-ideal.png,894,807,907,862,ledger_line
images/CVC-MUSCIMA_W-01_10_D-ideal.png,763,1436,770,1442,duration-dot
images/CVC-MUSCIMA_W-01_10_D-ideal.png,573,1494,581,1500,duration-dot
images/CVC-MUSCIMA_W-01_10_D-ideal.png,780,1061,786,1067,duration-dot
images/CVC-MUSCIMA_W-01_10_D-ideal.png,848,1061,853,1067,duration-dot
images/CVC-MUSCIMA_W-01_10_D-ideal.png,873,1064,879,1070,duration-dot
images/CVC-MUSCIMA_W-01_10_D-ideal.png,885,566,892,571,duration-dot
images/CVC-MUSCIMA_W-01_10_D-ideal.png,819,587,823,593,duration-dot
images/CVC-MUSCIMA_W-01_10_D-ideal.png,541,590,548,597,duration-dot
images/CVC-MUSCIMA_W-01_10_D-ideal.png,373,594,379,601,duration-dot
images/CVC-MUSCIMA_W-01_10_D-ideal.png,1200,704,1205,710,duration-dot
images/CVC-MUSCIMA_W-01_10_D-ideal.png,1306,698,1313,703,duration-dot
images/CVC-MUSCIMA_W-01_10_D-ideal.png,1419,456,1426,464,duration-dot
images/CVC-MUSCIMA_W-01_10_D-ideal.png,1439,451,1445,458,duration-dot
images/CVC-MUSCIMA_W-01_10_D-ideal.png,1074,1415,1082,1421,duration-dot
images/CVC-MUSCIMA_W-01_10_D-ideal.png,1129,1416,1136,1421,duration-dot
images/CVC-MUSCIMA_W-01_10_D-ideal.png,1045,1742,1052,1749,duration-dot
images/CVC-MUSCIMA_W-01_10_D-ideal.png,1113,1740,1119,1748,duration-dot
images/CVC-MUSCIMA_W-01_10_D-ideal.png,775,1760,782,1768,duration-dot
images/CVC-MUSCIMA_W-01_10_D-ideal.png,864,1751,873,1758,duration-dot
images/CVC-MUSCIMA_W-01_10_D-ideal.png,818,1984,826,1991,duration-dot
images/CVC-MUSCIMA_W-01_10_D-ideal.png,722,1999,729,2005,duration-dot
images/CVC-MUSCIMA_W-01_10_D-ideal.png,617,2284,624,2290,duration-dot
images/CVC-MUSCIMA_W-01_10_D-ideal.png,623,2454,630,2461,duration-dot
images/CVC-MUSCIMA_W-01_10_D-ideal.png,734,2262,742,2270,duration-dot
images/CVC-MUSCIMA_W-01_10_D-ideal.png,839,2249,845,2255,duration-dot
images/CVC-MUSCIMA_W-01_10_D-ideal.png,383,1881,391,1888,duration-dot
images/CVC-MUSCIMA_W-01_10_D-ideal.png,415,1878,421,1884,duration-dot
images/CVC-MUSCIMA_W-01_10_D-ideal.png,557,1878,564,1886,duration-dot
images/CVC-MUSCIMA_W-01_10_D-ideal.png,587,2013,593,2021,duration-dot
images/CVC-MUSCIMA_W-01_10_D-ideal.png,427,2295,435,2301,duration-dot
images/CVC-MUSCIMA_W-01_10_D-ideal.png,527,2455,533,2461,duration-dot
images/CVC-MUSCIMA_W-01_10_D-ideal.png,539,2637,546,2643,duration-dot
images/CVC-MUSCIMA_W-01_10_D-ideal.png,556,2758,562,2764,duration-dot
images/CVC-MUSCIMA_W-01_10_D-ideal.png,635,2641,642,2647,duration-dot
images/CVC-MUSCIMA_W-01_10_D-ideal.png,571,2986,578,2992,duration-dot
images/CVC-MUSCIMA_W-01_10_D-ideal.png,720,2955,727,2963,duration-dot
images/CVC-MUSCIMA_W-01_10_D-ideal.png,765,2758,771,2764,duration-dot
images/CVC-MUSCIMA_W-01_10_D-ideal.png,817,2949,825,2957,duration-dot
images/CVC-MUSCIMA_W-01_10_D-ideal.png,859,2747,866,2755,duration-dot
images/CVC-MUSCIMA_W-01_10_D-ideal.png,833,3130,841,3136,duration-dot
images/CVC-MUSCIMA_W-01_10_D-ideal.png,348,3002,355,3008,duration-dot
images/CVC-MUSCIMA_W-01_10_D-ideal.png,377,3003,385,3009,duration-dot
images/CVC-MUSCIMA_W-01_10_D-ideal.png,410,2997,417,3005,duration-dot
images/CVC-MUSCIMA_W-01_10_D-ideal.png,349,1088,355,1094,duration-dot
images/CVC-MUSCIMA_W-01_10_D-ideal.png,379,1088,387,1095,duration-dot
images/CVC-MUSCIMA_W-01_10_D-ideal.png,403,1092,412,1099,duration-dot
images/CVC-MUSCIMA_W-01_10_D-ideal.png,401,452,441,518,slur
images/CVC-MUSCIMA_W-01_10_D-ideal.png,506,474,528,525,slur
images/CVC-MUSCIMA_W-01_10_D-ideal.png,674,448,780,749,slur
images/CVC-MUSCIMA_W-01_10_D-ideal.png,1165,445,1197,829,slur
images/CVC-MUSCIMA_W-01_10_D-ideal.png,1126,1045,1157,1169,slur
images/CVC-MUSCIMA_W-01_10_D-ideal.png,1507,686,1541,727,slur
images/CVC-MUSCIMA_W-01_10_D-ideal.png,1143,1400,1163,1472,slur
images/CVC-MUSCIMA_W-01_10_D-ideal.png,861,1305,902,1389,slur
images/CVC-MUSCIMA_W-01_10_D-ideal.png,217,1390,263,1620,slur
images/CVC-MUSCIMA_W-01_10_D-ideal.png,583,1849,649,2118,slur
images/CVC-MUSCIMA_W-01_10_D-ideal.png,914,2245,938,2413,slur
images/CVC-MUSCIMA_W-01_10_D-ideal.png,864,2679,881,2714,slur
images/CVC-MUSCIMA_W-01_10_D-ideal.png,685,2938,716,2994,slur
images/CVC-MUSCIMA_W-01_10_D-ideal.png,926,3124,943,3243,slur
images/CVC-MUSCIMA_W-01_10_D-ideal.png,1506,426,1566,864,slur
images/CVC-MUSCIMA_W-01_10_D-ideal.png,447,1017,484,1275,hairpin-cresc.
images/CVC-MUSCIMA_W-01_10_D-ideal.png,900,946,936,1210,hairpin-cresc.
images/CVC-MUSCIMA_W-01_10_D-ideal.png,403,2450,441,2795,hairpin-cresc.
images/CVC-MUSCIMA_W-01_10_D-ideal.png,895,3105,924,3268,hairpin-cresc.
images/CVC-MUSCIMA_W-01_10_D-ideal.png,1373,537,1408,825,hairpin-cresc.
images/CVC-MUSCIMA_W-01_10_D-ideal.png,449,1353,488,1613,hairpin-decr.
images/CVC-MUSCIMA_W-01_10_D-ideal.png,536,846,587,873,8th_rest
images/CVC-MUSCIMA_W-01_10_D-ideal.png,310,850,353,875,8th_rest
images/CVC-MUSCIMA_W-01_10_D-ideal.png,308,2363,353,2393,8th_rest
images/CVC-MUSCIMA_W-01_10_D-ideal.png,309,901,327,938,half_rest
images/CVC-MUSCIMA_W-01_10_D-ideal.png,544,903,565,933,half_rest
images/CVC-MUSCIMA_W-01_10_D-ideal.png,531,1111,546,1148,whole_rest
images/CVC-MUSCIMA_W-01_10_D-ideal.png,309,2633,329,2672,half_rest
images/CVC-MUSCIMA_W-01_10_D-ideal.png,1012,2826,1034,2862,half_rest
images/CVC-MUSCIMA_W-01_10_D-ideal.png,999,2697,1068,2733,quarter_rest
images/CVC-MUSCIMA_W-01_10_D-ideal.png,299,2459,364,2496,quarter_rest
images/CVC-MUSCIMA_W-01_10_D-ideal.png,1009,1935,1073,1972,quarter_rest
images/CVC-MUSCIMA_W-01_10_D-ideal.png,994,2136,1064,2169,quarter_rest
images/CVC-MUSCIMA_W-01_10_D-ideal.png,1001,3039,1063,3074,quarter_rest
images/CVC-MUSCIMA_W-01_10_D-ideal.png,864,1260,908,1279,natural
images/CVC-MUSCIMA_W-01_10_D-ideal.png,773,1364,829,1387,natural
images/CVC-MUSCIMA_W-01_10_D-ideal.png,936,2320,998,2347,natural
images/CVC-MUSCIMA_W-01_10_D-ideal.png,935,2521,994,2546,natural
images/CVC-MUSCIMA_W-01_10_D-ideal.png,941,3169,994,3193,natural
images/CVC-MUSCIMA_W-01_10_D-ideal.png,576,2088,642,2109,natural
images/CVC-MUSCIMA_W-01_10_D-ideal.png,686,1979,715,2044,slur
images/CVC-MUSCIMA_W-01_10_D-ideal.png,264,963,616,978,thin_barline
images/CVC-MUSCIMA_W-01_10_D-ideal.png,267,2193,624,2203,thin_barline
images/CVC-MUSCIMA_W-01_10_D-ideal.png,736,2493,1086,2505,thin_barline
images/CVC-MUSCIMA_W-01_10_D-ideal.png,736,885,1091,900,thin_barline
images/CVC-MUSCIMA_W-01_10_D-ideal.png,736,1564,1086,1575,thin_barline
images/CVC-MUSCIMA_W-01_10_D-ideal.png,1205,865,1560,877,thin_barline
images/CVC-MUSCIMA_W-01_10_D-ideal.png,268,2835,615,2846,thin_barline
images/CVC-MUSCIMA_W-01_10_D-ideal.png,736,3015,1086,3025,thin_barline
images/CVC-MUSCIMA_W-01_10_D-ideal.png,268,1320,616,1334,thin_barline
images/CVC-MUSCIMA_W-01_10_D-ideal.png,736,2082,1090,2094,thin_barline
images/CVC-MUSCIMA_W-01_10_D-ideal.png,264,3344,617,3354,thin_barline
images/CVC-MUSCIMA_W-01_10_D-ideal.png,733,3343,1095,3353,thin_barline
images/CVC-MUSCIMA_W-01_10_D-ideal.png,889,1400,924,1431,accent
images/CVC-MUSCIMA_W-01_10_D-ideal.png,899,1973,936,2025,hairpin-decr.
images/CVC-MUSCIMA_W-01_10_D-ideal.png,1385,413,1406,452,accent
images/CVC-MUSCIMA_W-01_10_D-ideal.png,744,1347,867,1365,"arpeggio_""wobble"""
images/CVC-MUSCIMA_W-01_10_D-ideal.png,1398,701,1463,720,"arpeggio_""wobble"""
images/CVC-MUSCIMA_W-01_10_D-ideal.png,1183,776,1232,810,sharp
images/CVC-MUSCIMA_W-01_10_D-ideal.png,1283,772,1340,798,sharp
images/CVC-MUSCIMA_W-01_10_D-ideal.png,1404,390,1440,411,flat
images/CVC-MUSCIMA_W-01_10_D-ideal.png,262,239,409,297,g-clef
images/CVC-MUSCIMA_W-01_10_D-ideal.png,728,240,887,294,g-clef
images/CVC-MUSCIMA_W-01_10_D-ideal.png,1200,244,1362,300,g-clef
images/CVC-MUSCIMA_W-01_10_D-ideal.png,501,239,615,299,f-clef
images/CVC-MUSCIMA_W-01_10_D-ideal.png,970,240,1090,297,f-clef
images/CVC-MUSCIMA_W-01_10_D-ideal.png,1442,243,1563,301,f-clef
images/CVC-MUSCIMA_W-01_10_D-ideal.png,257,312,358,377,key_signature
images/CVC-MUSCIMA_W-01_10_D-ideal.png,520,302,620,370,key_signature
images/CVC-MUSCIMA_W-01_10_D-ideal.png,726,310,823,376,key_signature
images/CVC-MUSCIMA_W-01_10_D-ideal.png,985,305,1092,371,key_signature
images/CVC-MUSCIMA_W-01_10_D-ideal.png,1192,311,1296,370,key_signature
images/CVC-MUSCIMA_W-01_10_D-ideal.png,1459,300,1560,360,key_signature
images/CVC-MUSCIMA_W-01_10_D-ideal.png,302,392,350,426,time_signature
images/CVC-MUSCIMA_W-01_10_D-ideal.png,535,378,588,417,time_signature
images/CVC-MUSCIMA_W-01_10_D-ideal.png,257,337,306,367,flat
images/CVC-MUSCIMA_W-01_10_D-ideal.png,297,312,345,341,flat
images/CVC-MUSCIMA_W-01_10_D-ideal.png,314,350,358,376,flat
images/CVC-MUSCIMA_W-01_10_D-ideal.png,520,328,564,354,flat
images/CVC-MUSCIMA_W-01_10_D-ideal.png,563,302,613,330,flat
images/CVC-MUSCIMA_W-01_10_D-ideal.png,578,343,620,370,flat
images/CVC-MUSCIMA_W-01_10_D-ideal.png,726,335,769,363,flat
images/CVC-MUSCIMA_W-01_10_D-ideal.png,768,310,815,332,flat
images/CVC-MUSCIMA_W-01_10_D-ideal.png,784,351,823,376,flat
images/CVC-MUSCIMA_W-01_10_D-ideal.png,984,328,1029,354,flat
images/CVC-MUSCIMA_W-01_10_D-ideal.png,1031,305,1076,330,flat
images/CVC-MUSCIMA_W-01_10_D-ideal.png,1040,343,1092,372,flat
images/CVC-MUSCIMA_W-01_10_D-ideal.png,1191,337,1237,365,flat
images/CVC-MUSCIMA_W-01_10_D-ideal.png,1237,311,1284,338,flat
images/CVC-MUSCIMA_W-01_10_D-ideal.png,1254,343,1296,371,flat
images/CVC-MUSCIMA_W-01_10_D-ideal.png,1459,322,1503,347,flat
images/CVC-MUSCIMA_W-01_10_D-ideal.png,1500,300,1543,326,flat
images/CVC-MUSCIMA_W-01_10_D-ideal.png,1509,334,1560,359,flat
images/CVC-MUSCIMA_W-01_10_D-ideal.png,302,392,350,426,whole-time_mark
images/CVC-MUSCIMA_W-01_10_D-ideal.png,535,378,588,417,whole-time_mark
images/CVC-MUSCIMA_W-01_10_D-ideal.png,905,1930,945,1964,letter_p
images/CVC-MUSCIMA_W-01_10_D-ideal.png,901,2206,941,2238,letter_p
images/CVC-MUSCIMA_W-01_10_D-ideal.png,450,419,492,463,letter_p
images/CVC-MUSCIMA_W-01_10_D-ideal.png,201,483,250,511,letter_p
images/CVC-MUSCIMA_W-01_10_D-ideal.png,200,444,231,486,letter_m
images/CVC-MUSCIMA_W-01_10_D-ideal.png,442,2867,468,2920,letter_m
images/CVC-MUSCIMA_W-01_10_D-ideal.png,428,2908,484,2948,letter_f
images/CVC-MUSCIMA_W-01_10_D-ideal.png,890,1619,941,1664,letter_f
images/CVC-MUSCIMA_W-01_10_D-ideal.png,205,506,226,540,letter_o
images/CVC-MUSCIMA_W-01_10_D-ideal.png,450,616,470,640,letter_o
images/CVC-MUSCIMA_W-01_10_D-ideal.png,451,485,472,509,letter_o
images/CVC-MUSCIMA_W-01_10_D-ideal.png,451,475,472,488,letter_s
images/CVC-MUSCIMA_W-01_10_D-ideal.png,450,506,472,532,letter_s
images/CVC-MUSCIMA_W-01_10_D-ideal.png,440,526,470,551,letter_t
images/CVC-MUSCIMA_W-01_10_D-ideal.png,436,604,468,631,letter_t
images/CVC-MUSCIMA_W-01_10_D-ideal.png,448,562,471,605,letter_n
images/CVC-MUSCIMA_W-01_10_D-ideal.png,195,732,226,754,letter_r
images/CVC-MUSCIMA_W-01_10_D-ideal.png,450,543,472,566,letter_e
images/CVC-MUSCIMA_W-01_10_D-ideal.png,204,413,230,446,letter_e
images/CVC-MUSCIMA_W-01_10_D-ideal.png,197,749,223,781,letter_c
images/CVC-MUSCIMA_W-01_10_D-ideal.png,186,781,224,795,letter_i
images/CVC-MUSCIMA_W-01_10_D-ideal.png,192,797,221,839,letter_a
images/CVC-MUSCIMA_W-01_10_D-ideal.png,197,695,226,731,letter_a
images/CVC-MUSCIMA_W-01_10_D-ideal.png,184,579,230,611,letter_d
images/CVC-MUSCIMA_W-01_10_D-ideal.png,195,610,230,623,letter_i
images/CVC-MUSCIMA_W-01_10_D-ideal.png,189,386,234,433,letter_T
images/CVC-MUSCIMA_W-01_10_D-ideal.png,183,386,250,839,tempo_text
images/CVC-MUSCIMA_W-01_10_D-ideal.png,450,419,492,463,dynamics_text
images/CVC-MUSCIMA_W-01_10_D-ideal.png,887,1619,941,1665,dynamics_text
images/CVC-MUSCIMA_W-01_10_D-ideal.png,905,1930,945,1964,dynamics_text
images/CVC-MUSCIMA_W-01_10_D-ideal.png,901,2206,941,2238,dynamics_text
images/CVC-MUSCIMA_W-01_10_D-ideal.png,427,2867,486,2948,dynamics_text
images/CVC-MUSCIMA_W-01_10_D-ideal.png,444,1843,475,1962,other_text
images/CVC-MUSCIMA_W-01_10_D-ideal.png,451,1843,475,1873,letter_c
images/CVC-MUSCIMA_W-01_10_D-ideal.png,446,1931,473,1961,letter_c
images/CVC-MUSCIMA_W-01_10_D-ideal.png,450,1885,473,1914,letter_e
images/CVC-MUSCIMA_W-01_10_D-ideal.png,449,1864,475,1898,letter_r
images/CVC-MUSCIMA_W-01_10_D-ideal.png,444,1913,471,1938,letter_s
images/CVC-MUSCIMA_W-01_10_D-ideal.png,271,178,617,210,multi-staff_brace
images/CVC-MUSCIMA_W-01_10_D-ideal.png,738,176,1087,206,multi-staff_brace
images/CVC-MUSCIMA_W-01_10_D-ideal.png,1214,180,1551,213,multi-staff_brace
images/CVC-MUSCIMA_W-01_10_D-ideal.png,268,216,621,226,thin_barline
images/CVC-MUSCIMA_W-01_10_D-ideal.png,735,212,1086,222,thin_barline
images/CVC-MUSCIMA_W-01_10_D-ideal.png,1208,212,1563,222,thin_barline
images/CVC-MUSCIMA_W-01_10_D-ideal.png,814,1286,852,1336,grace_strikethrough
images/CVC-MUSCIMA_W-01_10_D-ideal.png,720,2687,747,2719,grace_strikethrough
images/CVC-MUSCIMA_W-01_10_D-ideal.png,1488,667,1514,704,grace_strikethrough
images/CVC-MUSCIMA_W-01_10_D-ideal.png,435,475,472,640,other_text
images/CVC-MUSCIMA_W-01_10_D-ideal.png,304,513,376,523,stem
images/CVC-MUSCIMA_W-01_10_D-ideal.png,552,502,620,515,stem
images/CVC-MUSCIMA_W-01_10_D-ideal.png,550,560,629,572,stem
images/CVC-MUSCIMA_W-01_10_D-ideal.png,510,722,568,737,stem
images/CVC-MUSCIMA_W-01_10_D-ideal.png,563,712,585,736,notehead-full
images/CVC-MUSCIMA_W-01_10_D-ideal.png,536,776,557,800,notehead-full
images/CVC-MUSCIMA_W-01_10_D-ideal.png,515,741,551,787,slur
images/CVC-MUSCIMA_W-01_10_D-ideal.png,452,2507,463,2544,beam
images/CVC-MUSCIMA_W-01_10_D-ideal.png,1199,433,1220,453,notehead-full
images/CVC-MUSCIMA_W-01_10_D-ideal.png,1297,423,1318,445,notehead-full
images/CVC-MUSCIMA_W-01_10_D-ideal.png,1208,424,1384,438,stem
images/CVC-MUSCIMA_W-01_10_D-ideal.png,1372,424,1388,620,beam
images/CVC-MUSCIMA_W-01_10_D-ideal.png,859,2576,911,2775,slur
images/CVC-MUSCIMA_W-01_10_D-ideal.png,725,2686,845,2703,stem
images/CVC-MUSCIMA_W-01_10_D-ideal.png,264,678,614,693,thin_barline
images/CVC-MUSCIMA_W-01_10_D-ideal.png,268,178,621,226,staff_grouping
images/CVC-MUSCIMA_W-01_10_D-ideal.png,735,176,1087,222,staff_grouping
images/CVC-MUSCIMA_W-01_10_D-ideal.png,1208,180,1563,222,staff_grouping
images/CVC-MUSCIMA_W-01_10_D-ideal.png,264,963,616,978,measure_separator
images/CVC-MUSCIMA_W-01_10_D-ideal.png,267,2193,624,2203,measure_separator
images/CVC-MUSCIMA_W-01_10_D-ideal.png,736,2493,1086,2505,measure_separator
images/CVC-MUSCIMA_W-01_10_D-ideal.png,736,885,1091,900,measure_separator
images/CVC-MUSCIMA_W-01_10_D-ideal.png,736,1564,1086,1575,measure_separator
images/CVC-MUSCIMA_W-01_10_D-ideal.png,1205,865,1560,877,measure_separator
images/CVC-MUSCIMA_W-01_10_D-ideal.png,268,2835,615,2846,measure_separator
images/CVC-MUSCIMA_W-01_10_D-ideal.png,736,3015,1086,3025,measure_separator
images/CVC-MUSCIMA_W-01_10_D-ideal.png,268,1320,616,1334,measure_separator
images/CVC-MUSCIMA_W-01_10_D-ideal.png,736,2082,1090,2094,measure_separator
images/CVC-MUSCIMA_W-01_10_D-ideal.png,264,3344,617,3354,measure_separator
images/CVC-MUSCIMA_W-01_10_D-ideal.png,733,3343,1095,3353,measure_separator
images/CVC-MUSCIMA_W-01_10_D-ideal.png,264,678,614,693,measure_separator
images/CVC-MUSCIMA_W-01_10_D-ideal.png,269,1727,614,1736,thin_barline
images/CVC-MUSCIMA_W-01_10_D-ideal.png,269,1727,614,1736,measure_separator
images/CVC-MUSCIMA_W-01_10_D-ideal.png,1015,1063,1021,1069,duration-dot
images/CVC-MUSCIMA_W-01_10_D-ideal.png,1099,1064,1106,1069,duration-dot
images/CVC-MUSCIMA_W-01_10_D-ideal.png,265,216,270,3347,staff_line
images/CVC-MUSCIMA_W-01_10_D-ideal.png,293,222,298,3346,staff_line
images/CVC-MUSCIMA_W-01_10_D-ideal.png,322,222,328,3346,staff_line
images/CVC-MUSCIMA_W-01_10_D-ideal.png,351,221,355,3345,staff_line
images/CVC-MUSCIMA_W-01_10_D-ideal.png,379,219,384,3346,staff_line
images/CVC-MUSCIMA_W-01_10_D-ideal.png,499,222,503,3345,staff_line
images/CVC-MUSCIMA_W-01_10_D-ideal.png,529,221,533,3345,staff_line
images/CVC-MUSCIMA_W-01_10_D-ideal.png,558,222,562,3345,staff_line
images/CVC-MUSCIMA_W-01_10_D-ideal.png,587,222,592,3345,staff_line
images/CVC-MUSCIMA_W-01_10_D-ideal.png,614,223,619,3344,staff_line
images/CVC-MUSCIMA_W-01_10_D-ideal.png,734,218,740,3344,staff_line
images/CVC-MUSCIMA_W-01_10_D-ideal.png,764,219,768,3344,staff_line
images/CVC-MUSCIMA_W-01_10_D-ideal.png,794,219,797,3344,staff_line
images/CVC-MUSCIMA_W-01_10_D-ideal.png,822,218,827,3344,staff_line
images/CVC-MUSCIMA_W-01_10_D-ideal.png,851,218,855,3343,staff_line
images/CVC-MUSCIMA_W-01_10_D-ideal.png,971,218,974,3344,staff_line
images/CVC-MUSCIMA_W-01_10_D-ideal.png,1000,219,1004,3344,staff_line
images/CVC-MUSCIMA_W-01_10_D-ideal.png,1028,219,1032,3344,staff_line
images/CVC-MUSCIMA_W-01_10_D-ideal.png,1057,219,1061,3344,staff_line
images/CVC-MUSCIMA_W-01_10_D-ideal.png,1085,215,1089,3344,staff_line
images/CVC-MUSCIMA_W-01_10_D-ideal.png,1205,215,1209,3344,staff_line
images/CVC-MUSCIMA_W-01_10_D-ideal.png,1234,220,1238,3344,staff_line
images/CVC-MUSCIMA_W-01_10_D-ideal.png,1263,219,1267,3344,staff_line
images/CVC-MUSCIMA_W-01_10_D-ideal.png,1292,219,1297,3343,staff_line
images/CVC-MUSCIMA_W-01_10_D-ideal.png,1320,219,1323,3343,staff_line
images/CVC-MUSCIMA_W-01_10_D-ideal.png,1439,219,1443,3343,staff_line
images/CVC-MUSCIMA_W-01_10_D-ideal.png,1469,219,1473,3343,staff_line
images/CVC-MUSCIMA_W-01_10_D-ideal.png,1498,220,1502,3344,staff_line
images/CVC-MUSCIMA_W-01_10_D-ideal.png,1526,220,1530,3344,staff_line
images/CVC-MUSCIMA_W-01_10_D-ideal.png,1555,221,1560,3343,staff_line
images/CVC-MUSCIMA_W-01_10_D-ideal.png,265,222,298,3346,staff_space
images/CVC-MUSCIMA_W-01_10_D-ideal.png,293,222,328,3346,staff_space
images/CVC-MUSCIMA_W-01_10_D-ideal.png,322,222,355,3345,staff_space
images/CVC-MUSCIMA_W-01_10_D-ideal.png,351,221,384,3345,staff_space
images/CVC-MUSCIMA_W-01_10_D-ideal.png,242,222,269,3346,staff_space
images/CVC-MUSCIMA_W-01_10_D-ideal.png,384,221,411,3345,staff_space
images/CVC-MUSCIMA_W-01_10_D-ideal.png,499,222,533,3345,staff_space
images/CVC-MUSCIMA_W-01_10_D-ideal.png,529,222,562,3345,staff_space
images/CVC-MUSCIMA_W-01_10_D-ideal.png,558,222,592,3345,staff_space
images/CVC-MUSCIMA_W-01_10_D-ideal.png,587,223,619,3344,staff_space
images/CVC-MUSCIMA_W-01_10_D-ideal.png,473,222,501,3345,staff_space
images/CVC-MUSCIMA_W-01_10_D-ideal.png,619,223,645,3344,staff_space
images/CVC-MUSCIMA_W-01_10_D-ideal.png,734,219,768,3344,staff_space
images/CVC-MUSCIMA_W-01_10_D-ideal.png,764,219,797,3344,staff_space
images/CVC-MUSCIMA_W-01_10_D-ideal.png,794,219,827,3344,staff_space
images/CVC-MUSCIMA_W-01_10_D-ideal.png,822,218,855,3343,staff_space
images/CVC-MUSCIMA_W-01_10_D-ideal.png,709,219,737,3344,staff_space
images/CVC-MUSCIMA_W-01_10_D-ideal.png,855,218,882,3343,staff_space
images/CVC-MUSCIMA_W-01_10_D-ideal.png,971,219,1004,3344,staff_space
images/CVC-MUSCIMA_W-01_10_D-ideal.png,1000,219,1032,3344,staff_space
images/CVC-MUSCIMA_W-01_10_D-ideal.png,1028,219,1061,3344,staff_space
images/CVC-MUSCIMA_W-01_10_D-ideal.png,1057,219,1089,3344,staff_space
images/CVC-MUSCIMA_W-01_10_D-ideal.png,944,219,971,3344,staff_space
images/CVC-MUSCIMA_W-01_10_D-ideal.png,1089,219,1115,3344,staff_space
images/CVC-MUSCIMA_W-01_10_D-ideal.png,1205,220,1238,3344,staff_space
images/CVC-MUSCIMA_W-01_10_D-ideal.png,1234,220,1267,3344,staff_space
images/CVC-MUSCIMA_W-01_10_D-ideal.png,1263,219,1297,3343,staff_space
images/CVC-MUSCIMA_W-01_10_D-ideal.png,1292,219,1323,3343,staff_space
images/CVC-MUSCIMA_W-01_10_D-ideal.png,1180,220,1207,3344,staff_space
images/CVC-MUSCIMA_W-01_10_D-ideal.png,1323,219,1348,3343,staff_space
images/CVC-MUSCIMA_W-01_10_D-ideal.png,1439,219,1473,3343,staff_space
images/CVC-MUSCIMA_W-01_10_D-ideal.png,1469,220,1502,3343,staff_space
images/CVC-MUSCIMA_W-01_10_D-ideal.png,1498,220,1530,3344,staff_space
images/CVC-MUSCIMA_W-01_10_D-ideal.png,1526,221,1560,3343,staff_space
images/CVC-MUSCIMA_W-01_10_D-ideal.png,1413,219,1441,3343,staff_space
images/CVC-MUSCIMA_W-01_10_D-ideal.png,1560,221,1588,3343,staff_space
images/CVC-MUSCIMA_W-01_10_D-ideal.png,265,216,384,3347,staff
images/CVC-MUSCIMA_W-01_10_D-ideal.png,499,221,619,3345,staff
images/CVC-MUSCIMA_W-01_10_D-ideal.png,734,218,855,3344,staff
images/CVC-MUSCIMA_W-01_10_D-ideal.png,971,215,1089,3344,staff
images/CVC-MUSCIMA_W-01_10_D-ideal.png,1205,215,1323,3344,staff
images/CVC-MUSCIMA_W-01_10_D-ideal.png,1439,219,1560,3344,staff
